{
  "Основные положения": {
    "1.1": {
      "text": "Запрещено использовать любые скрипты, моды или иные конструкции, дающие преимущество над другими игроками || Бан от 1 до 2000 дней",
      "exceptions": ""
    },
    "1.2": {
      "text": "Запрещено распространять любые скрипты, моды или иные конструкции, дающие преимущество над другими игроками || Бан от 1 до 2000 дней",
      "exceptions": ""
    },
    "1.3": {
      "text": "Запрещено соучастие с игроком, использующим любые скрипты, моды или иные конструкции, дающие преимущество над другими игроками || Бан от 1 до 2000 дней",
      "exceptions": "Пример: вы находитесь в дискорде с игроком с WH, который сообщает вам информацию о других игроках."
    },
    "1.4": {
      "text": "Запрещено находиться в игре на 2 аккаунтах с 1 устройства || Устное предупреждение / Бан от 1 до 15 дней",
      "exceptions": ""
    },
    "1.5": {
      "text": "Запрещено уходить от наказания (Офф, смена ника и т.п.) || Варн / Бан от 1 до 15 дней",
      "exceptions": ""
    },
    "1.6": {
      "text": "Запрещено выдавать себя за администратора || Мут от 30 до 300 минут / Бан от 1 до 5 дней",
      "exceptions": ""
    },
    "1.7": {
      "text": "Запрещено создавать помеху игрокам или администрации || Устное предупреждение / Спавн / Кик / Деморган от 5 до 60 минут",
      "exceptions": ""
    },
    "1.8": {
      "text": "Запрещено использовать недоработки мода или игры || Деморган 10 минут - Бан 2000 дней (на усмотрение главной администрации в зависимости от тяжести нарушения)",
      "exceptions": "Исключение: стрелочка на мотоцикле, быстрое нажатие клавиши бега [перебинд на колесико запрещен]"
    },
    "1.9": {
      "text": "Запрещено описание персонажа (в т.ч. афк, визитка), нарушающее РП режим, а также неадекватное, бредовое, содержащее рекламу бизнесов / продажи (покупки) имущества || Очистка описания, неоднократно - Бан от 1 до 3 дней",
      "exceptions": ""
    },
    "1.10": {
      "text": "Запрещено воспроизводить запрещенные материалы в кинотеатрах || Бан от 1 до 30 дней",
      "exceptions": "Примечание: запрещенными материалами считаются:\n● Материалы экстремистского характера (призывы к политической и идеологической вражде, призывы или пропаганда терроризма или нацизма, розжиг межнациональной розни, расизм и проявление любого вида нетерпимости и тд);\n● Жестокие кадры (кадры с жестоким обращением или насилием к животным и людям);\n● Пропаганда запрещенных наркотических и психотропных веществ, алкоголя и табака, азартных игр и маргинального образа жизни;\n● Пропаганду суицида;\n● Неуважительное отношение, клевету, оскорбления, унижение чести и достоинства, оскорбление чувств верующих и любые другие материалы, дискриминирующие личность;\n● Порнографические материалы (эротические материалы, содержащие сцены с изображением голого тела, натуральный порнографический контент 18+ любого жанра, анимационный порнографический контент по типу \"хентай\" и тд);\n● Реклама."
    },
    "1.11": {
      "text": "Запрещено крутить внеигровые рулетки || Бан от 7 до 30 дней",
      "exceptions": ""
    },
    "1.12": {
      "text": "Запрещено неадекватное расположение аксессуаров персонажа, вследствие изменения их местоположения || Устное предупреждение / Очистка всех аксессуаров / Бан от 1 до 5 дней",
      "exceptions": ""
    },
    "1.13": {
      "text": "Запрещено взаимодействовать с игроками, находящимися в чёрном списке сервера/проекта || Бан от 30 до 2000 дней Обнуление аккаунта (по решению ГА)",
      "exceptions": "Примечание: запрещено укрывательство и любое взаимодействие с такими игроками на сервере в случае, если вы знаете об их нахождении в ЧСе."
    },
    "1.14": {
      "text": "Запрещен деанон игроков на сервере и ресурсах проекта || Пресечение нарушения / Бан от 30 до 2000 дней / Обнуление аккаунта (по решению ГА)",
      "exceptions": ""
    },
    "1.15": {
      "text": "Запрещены угрозы расправой в реальной жизни на сервере и ресурсах проекта || Бан от 15 до 2000 дней",
      "exceptions": ""
    },
    "1.16": {
      "text": "Запрещено передавать свой игровой аккаунт, а также заходить на чужие (в т.ч. взлом) || Бан на 2000 дней",
      "exceptions": ""
    },
    "1.17": {
      "text": "Запрещен обход систем мода с целью получения личной выгоды || Бан от 1 до 2000 дней",
      "exceptions": "Примечание: Наказание выдается исключительно главной Администрацией сервера"
    },
    "1.18": {
      "text": "Запрещена любая накрутка игровых ценностей (рефералы, рулетки, голоса, деньги и т.д) || Бан от 30 до 2000 дней",
      "exceptions": ""
    },
    "1.19": {
      "text": "Запрещено вредительство в любом виде || Бан от 15 до 2000 дней",
      "exceptions": ""
    },
    "1.20": {
      "text": "Запрещено иметь более 3-х активных аккаунтов на одном сервере || Бан от 15 до 2000 дней / Обнуление аккаунтов",
      "exceptions": "Примечание: Аккаунт считается активным, если на него осуществлялась авторизация в течение последних 30 дней"
    },
    "1.21": {
      "text": "Запрещено использование /demoute, /dismiss, /gwarn и подобных команд без объективных причин и наличия доказательств || Варн / Бан от 5 до 30 дней",
      "exceptions": ""
    },
    "1.22": {
      "text": "Запрещено вести «форумную войну» - чрезмерное написание жалоб на других игроков, систематический поиск нарушений на опровержениях других игроков, многочисленные жалобы на незначительные нарушения и т.п. || Устное замечание / Наказание по решению ГА",
      "exceptions": ""
    },
    "1.23": {
      "text": "Запрещена монополизация / вымогательство / шантаж других игроков || Деморган от 300 до 600 минут / Бан от 1 до 10 дней",
      "exceptions": "Пример: требование любых игровых ценностей за вход/участие в подземной шахте"
    }
  },
  "Правила игровых ников": {
    "2.1": {
      "text": "Никнейм игрока должен иметь формат Имя_Фамилия. Запрещено использовать никнейм с отсутствием смысловой нагрузки (Спам символами/числами, а так же ники, не имеющие логической связи с именем)",
      "exceptions": "Примечание: Никнеймы, не соответствующие общепринятому формату Имя_Фамилия и не содержащие реальных имен и фамилий, классифицируются как никнеймы non-RP формата."
    },
    "2.2": {
      "text": "Создавая аккаунт с non-RP ником Вы должны осознавать, что получить повышение в организациях Вам не представится возможности, в большинстве случаев Вас вообще откажутся принять",
      "exceptions": ""
    },
    "2.3": {
      "text": "При вступлении в определенную организацию вас могут попросить сменить ник, т.к. Ваш существующий может не соответствовать требованиям данной организации",
      "exceptions": ""
    },
    "2.4": {
      "text": "Запрещено использовать в нике оскорбительные слова, маты || Просьба сменить никнейм, в случае отказа - Бан",
      "exceptions": ""
    },
    "2.5": {
      "text": "Запрещено искажать в оскорбительной форме ники игроков и администраторов || Просьба сменить никнейм, в случае отказа - Бан",
      "exceptions": ""
    },
    "2.6": {
      "text": "Запрещено использование фейк ников администрации, ютуберов, игроков высокого уровня данного сервера || Просьба сменить никнейм, в случае отказа - Бан",
      "exceptions": ""
    }
  },
  "Правила взаимодействия администрации с игроками": {
    "3.1": {
      "text": "Администрация не несет ответственности за утерянное имущество аккаунта в случае скачивания вами запрещенного софта, а также модов, тематических программ, взлома и так далее",
      "exceptions": ""
    },
    "3.2": {
      "text": "Администрация не имеет права запрашивать такую информацию, как пароль от аккаунта",
      "exceptions": ""
    },
    "3.3": {
      "text": "Администрация вне зависимости от уровня должна отвечать на репорт при наличии очереди",
      "exceptions": ""
    },
    "3.4": {
      "text": "Администратору нельзя нарушать любые правила проекта, включая правила чатов (имеются исключения)",
      "exceptions": ""
    },
    "3.5": {
      "text": "Администратор обязан соблюдать требования от главной администрации, которые могут дополнять данные правила",
      "exceptions": ""
    },
    "3.6": {
      "text": "Администратор может быть назначен путем обзвона (собеседования) или через полный срок на посту лидера (не менее 25 дней при идеальной работе или не менее 15 дней при полном взятии гетто/бизнесов)",
      "exceptions": ""
    },
    "3.7": {
      "text": "Администратор может быть восстановлен на пост в течении 150 дней после ухода, но не раньше, чем через 30. В течении 90 дней восстановление возможно с -1 админ-уровнем, затем только на 1 админ-уровень. После истечение срока требуется заново отстоять пост лидера или пройти специальный обзвон (собеседование)",
      "exceptions": ""
    },
    "3.8": {
      "text": "Главная администрация самостоятельно определяет состав админов: имеет право снять администратора, отказать в назначении/восстановлении без объяснения причины или выставить дополнительные требования",
      "exceptions": ""
    },
    "3.9": {
      "text": "Администратор может быть заблокирован при снятии с поста или занесен в ЧС. Возможные причины для блокировки обычно озвучиваются при постановлении, но наиболее частые: нарушение испытательного срока или правил проекта",
      "exceptions": ""
    },
    "3.10": {
      "text": "Администратор обязан уважительно относиться к игрокам в игре и за ее пределами",
      "exceptions": ""
    },
    "3.11": {
      "text": "Администратор является нонРП персонажем в игровом мире, не может препятствовать или мешать RP-процессу",
      "exceptions": ""
    },
    "3.12": {
      "text": "Администратор не может использовать свой функционал в личных целях (не для выполнения задач / обязанностей от главной администрации)",
      "exceptions": ""
    },
    "3.13": {
      "text": "Администрация не может принимать участие в слетах имущества",
      "exceptions": ""
    },
    "3.14": {
      "text": "Администрации нельзя иметь любое имущество за пределами админ-зоны, кроме транспорта",
      "exceptions": "Исключение: старшая администрация сервера для последующих конкурсов, аукционов, слетов."
    },
    "3.15": {
      "text": "Администратор не может экономически взаимодействовать с обычными игроками, кроме специально отведенных для этого систем",
      "exceptions": "Пример: разрешено использовать админ-лавку в админ-зоне по ее прямому назначению."
    },
    "3.16": {
      "text": "Администрация может получать подарки со стороны игроков в одностороннем виде - не оказывая никаких услуг в ответ, но только если главный администратор это разрешает",
      "exceptions": ""
    },
    "3.17": {
      "text": "Администрации разрешено использовать только стандартное описание персонажа, включая АФК-описание",
      "exceptions": "Пример: администратор 1 уровня."
    },
    "3.18": {
      "text": "Администрации запрещено играть с твинков на своем сервере",
      "exceptions": "Примечание: Разрешено играть на других серверах с одобрения ГА без нарушения общепринятых правил и занимания важных должностей."
    },
    "3.19": {
      "text": "Администрации запрещено ставить провокационные реакции на сообщения других игроков на форуме",
      "exceptions": "Пример: реакция смеха на жалобу игрока."
    },
    "3.20": {
      "text": "Администратору запрещено превышать норму АФК, установленную главной администрацией. Также запрещено систематическое нахождение в АФК, уход в АФК при большой очереди в репорт",
      "exceptions": ""
    },
    "3.21": {
      "text": "Администрации запрещено проходить праздничные квесты в первые дни обновления, а также в прайм-тайм",
      "exceptions": ""
    },
    "3.22": {
      "text": "Администрации запрещено выпрашивать любые поощрения у игроков",
      "exceptions": "Пример: выпрашивание админ ЗП в вип чате."
    },
    "3.23": {
      "text": "Администратор вправе отказать игроку в предоставлении каких-либо услуг/одолжений, нарушающих RP режим игры (выдача ХП, машин, денег и т.п.)",
      "exceptions": ""
    },
    "3.24": {
      "text": "Администрация любого уровня имеет право записывать и выкладывать админ-контент. Перед публикацией видеоролика следует получить одобрение от главной администрации",
      "exceptions": "Примечание: проводить прямые трансляции разрешено с 4 админ-уровня и одобрения ГА."
    },
    "3.25": {
      "text": "Администратор оставляет за собой право выбирать наказание, ориентируясь на тяжесть содеянного (в пределах нормы)",
      "exceptions": ""
    },
    "3.26": {
      "text": "Администратор имеет право наказать игрока в течение 5-ти дней, после совершенного игроком нарушения [В случае подачи жалобы]",
      "exceptions": ""
    },
    "3.27": {
      "text": "Игрок, который зафиксировал нарушение со стороны администрации или желающий обжаловать любое наказание, имеет право подать жалобу на форум в раздел «Жалобы на администрацию» с соблюдением соответствующих правил подачи",
      "exceptions": ""
    },
    "3.28": {
      "text": "Администрация обязана хранить доказательства на нарушения игрока в течении возможного срока подачи жалобы",
      "exceptions": ""
    }
  },
  "Правила игрового процесса": {
    "4.1": {
      "text": "Запрещен ДМ (от англ. Deathmatch) - нанесение урона игрокам без причины || Деморган 60-120 минут",
      "exceptions": ""
    },
    "4.2": {
      "text": "Запрещен ДБ (от англ. DriveBy) - нанесение урона машиной || Деморган 60-120 минут",
      "exceptions": ""
    },
    "4.3": {
      "text": "Запрещен СК (от англ. Spawn Kill) - нанесение урона на респауне || Деморган 60-120 минут",
      "exceptions": ""
    },
    "4.4": {
      "text": "Запрещен ТК (от англ. Team Kill) - нанесение урона союзникам / членам своей фракции || Деморган 60-120 минут",
      "exceptions": ""
    },
    "4.5": {
      "text": "Запрещен ПГ (от англ. Power Gaming) - изображение из себя супергероя, например нападение с кулаками на вооруженного человека || Деморган 60-120 минут",
      "exceptions": "Примечание: 1 игрок может напасть максимум на двоих, 1 сотрудник ПД/ФБР максимум на троих (2 игрока на четверых и т.д.)"
    },
    "4.6": {
      "text": "Запрещен массовый (неоднократный - от 3 пострадавших) ДМ/ДБ/СК/ТК || Бан 3-7 дней + запрет использования оружия/транспорта на 3-10 дней",
      "exceptions": ""
    },
    "4.7": {
      "text": "Запрещено нонРП поведение (от англ. Not Role Play) - поведение, которое нарушает реализм и логику игрового мира || ● От игрока без фракции: Деморган 10-120 минут ● От игрока, состоящего во фракции: Деморган 10-600 минут / Варн",
      "exceptions": ""
    },
    "4.8": {
      "text": "Запрещен ОФФ / АФК / Отказ от РП ситуации || Деморган 60-120 минут",
      "exceptions": "Примечание: отсутствие ответа на вопрос в /do от игрока, который не участвовал с вами в РП, не является отказом от РП."
    },
    "4.9": {
      "text": "Запрещен ОФФ / АФК / Инта / Уход в ЗЗ / Аксессуары от смерти || Деморган 60-120 минут",
      "exceptions": ""
    },
    "4.10": {
      "text": "Запрещен ОФФ / АФК / Инта / Уход в ЗЗ / Аксессуары от ареста || Варн",
      "exceptions": ""
    },
    "4.11": {
      "text": "Запрещен сбив любых системных анимаций || Деморган 30-120 минут",
      "exceptions": ""
    },
    "4.12": {
      "text": "Запрещен сбив анимации выстрела любым способом || Деморган 60-120 минут / Варн",
      "exceptions": "Исключение: +с в стену при отсутствии других игроков не наказуемо"
    },
    "4.13": {
      "text": "Запрещено использование средств пополнения здоровья/бронежилета в бою || Деморган 60-120 минут / Варн",
      "exceptions": "Исключение: автоматическое надевание бронежилета"
    },
    "4.14": {
      "text": "Запрещены серьезные нарушения в ТСР (ДМ, ПГ, сбивы и т.п) || Варн / Увеличение срока",
      "exceptions": ""
    },
    "4.15": {
      "text": "Запрещено использовать дубинку и тазер в бою || Деморган 180-300 минут / Варн",
      "exceptions": ""
    }
  },
  "Правила игровых чатов": {
    "5.1": {
      "text": "Правила игровых чатов распространяются на все текстовые и голосовые чаты",
      "exceptions": ""
    },
    "5.2": {
      "text": "Запрещен МГ (от англ. Meta Gaming) - использование игроком знаний (в РП чаты), которые его персонаж не может знать || Мут 10-30 минут",
      "exceptions": "Пример: слова «скин», «бан», «мут», отдельно символы: \"?\", \"/\", \")\" и т.д."
    },
    "5.3": {
      "text": "Запрещен капс - написание слов заглавными буквами (даже одно) || Мут 10-30 минут",
      "exceptions": ""
    },
    "5.4": {
      "text": "Запрещен флуд - отправка 3 и более одинаковых строк в 10 секунд || Мут 20-120 минут",
      "exceptions": "Примечание: организованный флуд (от нескольких человек) и схожие сообщения (с той же сутью) наказываются как и обычный флуд"
    },
    "5.5": {
      "text": "Запрещено злоупотребление матом в нонРП чаты || Мут 30-120 минут",
      "exceptions": "Примечание: злоупотребление матом - это чрезмерное употребление ненормативной лексики; за одиночные маты, встречающиеся не в каждом вашем сообщении, наказание выдаваться не будет."
    },
    "5.6": {
      "text": "Запрещено злоупотребления символами (Спам) || Мут 10-120 минут",
      "exceptions": "Пример: «--------», «1111111», «спасиииииииите»"
    },
    "5.7": {
      "text": "Запрещен розжиг - действия или высказывания, направленные на разжигание вражды, ненависти или конфликта между разными народами, этническими группами или национальностями || Мут 120-300 минут / Бан от 1 до 5 дней (в зависимости от сказанного)",
      "exceptions": ""
    },
    "5.8": {
      "text": "Запрещена реклама: ● паблика в ВК/сервера, промокода и т.д. || Мут 60-300 минут ● любых неофициальных сайтов и других сторонних платформ, на которых продается/покупается виртуальная валюта, аккаунты и имущество || Бан на 2000 дней",
      "exceptions": ""
    },
    "5.9": {
      "text": "Запрещено затрагивание родных: ● Упоминание родных || Мут 300 минут / Бан от 1 до 30 дней ● Оскорбление родных в т.ч. завуалированное || Бан от 10 до 30 дней ● Пожелание смерти родным || Бан от 10 до 30 дней",
      "exceptions": ""
    },
    "5.10": {
      "text": "Запрещен оффтоп в /report || Мут репорта 10-30 минут",
      "exceptions": ""
    },
    "5.11": {
      "text": "Запрещено оскорбление сервера/проекта || Мут 60-300 минут / Бан 1-3 дня",
      "exceptions": ""
    },
    "5.12": {
      "text": "Запрещено оскорбление игроков/администрации || Мут 30-300 минут",
      "exceptions": "Примечание: оскорбление игроков в рамках РП ситуации не наказывается"
    },
    "5.13": {
      "text": "Запрещено неадекватное поведение, неуважительное отношение к игрокам/администрации || Мут 20-120 минут",
      "exceptions": ""
    },
    "5.14": {
      "text": "Запрещено призывать к нарушению правил сервера (Пример: призыв к рванке на слете) || Мут 60-300 минут / Бан в зависимости от тяжести нарушения",
      "exceptions": ""
    },
    "5.15": {
      "text": "В канале департамента (/d) запрещены торги/реклама/неадекватное поведение || Мут 60-120 минут",
      "exceptions": ""
    },
    "5.16": {
      "text": "В вип чате (/vr) запрещено использовать имя пользователя в соц. сетях (Например: Discord, VK, TG) || Мут 60-120 минут",
      "exceptions": ""
    },
    "5.17": {
      "text": "В вип чате (/vr) запрещена любая реклама (в т.ч. купля/продажа) в обход системы (при отправке сообщения обязательно нажать «ДА» в диалоге) || Мут 60-120 минут",
      "exceptions": "Дополнение: Системная реклама в VIP чат разрешена раз в 3 минуты (1 строчкой), не соблюдение интервала | мут 40-120 минут."
    },
    "5.18": {
      "text": "В рабочую рацию (/j, /jb) запрещена реклама/торги/обсуждение цен/услуги аренд и т.п., кроме: предметов/имущества/услуг, связанных с работами центра занятости || Мут 60-120 минут",
      "exceptions": "Пример: потерял ключи от автомобиля Porsche, кто найдет - напишите п и т.п. Дополнение: Реклама в рабочую рацию (/j, /jb) разрешена раз в 3 минуты (1 строчкой), не соблюдение интервала | мут 40-120 минут."
    },
    "5.19": {
      "text": "Запрещено изнасилование и любые насильственные действия сексуального характера || Бан от 7 до 30 дней",
      "exceptions": ""
    },
    "5.20": {
      "text": "Запрещены нонРП Билборды - билборды, содержащие в себе нарушение любого пункта правил чата || Удаление билборда + деморган 60-120 минут / Бан 1-5 дней",
      "exceptions": ""
    },
    "5.21": {
      "text": "Запрещено намеренно неправильно редактировать объявления в СМИ || Мут 60-120 минут / Варн",
      "exceptions": ""
    },
    "5.22": {
      "text": "Запрещено нарушать правила проведения эфиров в СМИ || Мут 60-120 минут / Варн",
      "exceptions": ""
    },
    "5.23": {
      "text": "Запрещено любое употребление нацистских приветствий/лозунгов/символики и прочих проявлений нацизма, ненависти и нетерпимости к другим нациям || Мут 300 минут / Бан от 15 до 30 дней",
      "exceptions": ""
    },
    "5.24": {
      "text": "Запрещено распространение информации, доступной исключительно подписчикам boosty || Устное предупреждение / Мут 60-300 минут / Бан 1-7 дней",
      "exceptions": ""
    }
  },
  "Правила голосового (Voice) чата": {
    "6.1": {
      "text": "Разрешено передавать ООС информацию в голосовой (Voice) чат, если рядом с Вами нет игроков, чью RP атмосферу/ситуацию Вы можете испортить",
      "exceptions": ""
    },
    "6.2": {
      "text": "Разрешена отыгровка действий (модуляция текста через /me) посредством голосового (Voice) чата",
      "exceptions": "Примечание: разрешено отыгрывать только исключительно действия (/me [действие] — cделать действие, допустим, \"показать мед. карту — \"/me достал и передал мед. карту\", любые отыгровки состояний отыгрываются через чат посредством команды (/do), например, игрок после перестрелки лежит без сознания, данная отыгровка отыгрывается через голосовой (Voice) чат запрещена. Нецензурная отыгровка действий Вашего персонажа так-же запрещена.)"
    },
    "6.3": {
      "text": "Запрещено не отключать голосовой чат во время Вашего молчания || Устное замечание / Мут 10-30 минут",
      "exceptions": ""
    },
    "6.4": {
      "text": "Запрещено издавать любые громкие или мешающие звуки, любые помехи микрофона (шорох, треск и т.д.) || Мут 30-60 минут",
      "exceptions": ""
    },
    "6.5": {
      "text": "Запрещено включение любой музыки в общественных местах [Исключение: Использование музыкальных инструментов] || Мут 30-120 минут",
      "exceptions": ""
    },
    "6.6": {
      "text": "Запрещено включение каких либо записанных голосов/звуков (Например: записанные отрывки фраз блогеров) || Мут 30-60 минут",
      "exceptions": ""
    },
    "6.7": {
      "text": "Запрещено кричать без какой-либо причины || Мут 30-120 минут",
      "exceptions": ""
    },
    "6.8": {
      "text": "Запрещено неадекватное вмешательство в RP процесс других игроков || Мут 30-120 минут",
      "exceptions": ""
    },
    "6.9": {
      "text": "Запрещено использование любого софта для изменения голоса (робот, демоны, звуки животных и т.д.) || Мут 30-120 минут",
      "exceptions": ""
    }
  },
  "Правила экономических взаимодействий и использования бизнесов": {
    "7.1": {
      "text": "Запрещена продажа/покупка/обсуждение продажи игровой валюты, услуг, аккаунта или иных игровых ценностей за реальную валюту или какой-либо эквивалент || Бан до 2000 дней",
      "exceptions": ""
    },
    "7.2": {
      "text": "Запрещен обмен имуществом / виртами на разных серверах в обход существующей системы перелетов || Бан на 2000 дней",
      "exceptions": ""
    },
    "7.3": {
      "text": "Запрещена передача/получение любых игровых ценностей перед получением блокировки (если на вас была подана жалоба, по которой вас могут заблокировать) || Бан от 30 до 2000 дней",
      "exceptions": ""
    },
    "7.4": {
      "text": "Запрещен РП и НонРП развод(попытка развода) - это любая деятельность, направленная на получение выгоды за счет невнимательности или сильной доверчивости игрока (обман) || Бан от 30 до 2000 дней",
      "exceptions": ""
    },
    "7.5": {
      "text": "Запрещено дарить / давать в долг / переносить через Vice City игровые ценности, общей стоимостью свыше 10 миллиардов без предварительного согласования с главным администратором || Изъятие вирт / Бан от 1 до 2000 дней",
      "exceptions": ""
    },
    "7.6": {
      "text": "Запрещено проводить фейк конкурсы и розыгрыши (Розыгрыши должны быть заранее согласованы с главной администрацией сервера, а итоги проводиться в виде онлайн-трансляции с последующим хранением записи стрима) || Бан от 30 до 2000 дней",
      "exceptions": ""
    },
    "7.7": {
      "text": "Запрещен обход официального доната (например: человек донатит другу, а друг передает в виртах вам, либо любой другой обмен AZ на вирты, кроме /donate) || Бан от 1 до 2000 дней",
      "exceptions": ""
    },
    "7.8": {
      "text": "Запрещен обход игровых систем и комиссий (Например: обход системы дачи взятки, обход продажи рангов в частных фракциях, обход системной продажи бизнеса) || Бан от 1 до 2000 дней.",
      "exceptions": "Примечание: в случае нарушения, вы самостоятельно можете перевести размер комиссии главной администрации во избежание блокировки."
    },
    "7.9": {
      "text": "Запрещено оплачивать налоги на имущество игроков, заблокированных на 2000 дней по истечению срока подачи жалобы || Бан от 1 до 30 дней",
      "exceptions": ""
    },
    "7.10": {
      "text": "Запрещено иметь бизнесы на твинке || Изъятие бизнесов / Бан 2000 дней",
      "exceptions": ""
    },
    "7.11": {
      "text": "Запрещено назначать заместителей на нефтевышках за любые игровые ценности || Изъятие бизнеса / Бан от 5 до 2000 дней",
      "exceptions": ""
    },
    "7.12": {
      "text": "Запрещено нарушение функционирования бизнеса сроком более 7 дней (Например: закрытие фермы; временное открытие бизнеса не продлевает срок) || Изъятие бизнеса / Бан от 5 до 2000 дней",
      "exceptions": ""
    },
    "7.13": {
      "text": "Запрещено иметь больше одной частной фракции в одной структуре (гос/нелегалы) без одобрения от ГА || Изъятие фракции / Удаление семьи / Бан владельцу на 2000 дней",
      "exceptions": ""
    },
    "7.14": {
      "text": "Запрещена передача любых игровых ценностей игрокам, которые могут принимать участие в махинациях (в том числе спонсирование игроков для нечестного участия в слетах имущества) || Бан от 30 до 2000 дней",
      "exceptions": "Администрация может расценить вас за соучастника."
    },
    "7.15": {
      "text": "Не рекомендуется совершать игровые сделки через мусорки, багажники, шкафы и т.п. во избежание ошибочных наказаний || Деморган 60-300 минут",
      "exceptions": "Подобные сделки вызывают дополнительные подозрения у администрации. Для всех передач имеется системный функционал (Обмен через /trade, центр обмена имуществом, банковский перевод и т.д.). Если Вы получили ценности от неизвестного игрока, следует сообщить старшей администрации для проверки."
    }
  },
  "Правила поведения на слетах и аукционах": {
    "8.1": {
      "text": "За любое нарушение правил, которое оказало влияние на исход слета имущества, Вам могут отказать верификацию || Отмена результата слета",
      "exceptions": ""
    },
    "8.2": {
      "text": "Необходимо записывать опровержения: ловли домов, ловли бизнесов, ловли транспорта (кроме автосалонов), ловли сгоревших лотерейных билетов || Бан от 5 до 2000 дней",
      "exceptions": "Примечание: если имущество стоит в госе длительное время, можно купить без записи. Опровержение должно отражать весь процесс ловли, иметь качество 720p+, без монтажа, храниться ≥5 дней, быть предоставленным в течение 24 часов."
    },
    "8.3": {
      "text": "Запрещено создавать помеху другим игрокам любым образом (Предлагать обмены и т.д.) || Деморган 60-300 минут / Бан от 1 до 3 дней",
      "exceptions": ""
    },
    "8.4": {
      "text": "Запрещено наносить урон в т.ч. транспортом || Деморган 300 минут",
      "exceptions": ""
    },
    "8.5": {
      "text": "Запрещено убийство игроков || Бан от 3 до 7 дней",
      "exceptions": ""
    },
    "8.6": {
      "text": "Запрещено соучастие с нарушителем (Например: с рванщиком) || Наказание, аналогичное нарушителю",
      "exceptions": ""
    },
    "8.7": {
      "text": "Запрещено использование недоработок, дающих существенное преимущество (Например: шифт на ловле транспорта) || Бан от 3 до 30 дней",
      "exceptions": ""
    },
    "8.8": {
      "text": "Запрещено использование программ/скриптов/ботов/сайтов, предоставляющих информацию о последнем заходе игрока в игру, его активности, историю наказаний || Бан 30 до 2000 дней",
      "exceptions": "Приравнивается к чекеру ловли."
    }
  },
  "Правила кастомизации имущества": {
    "9.1": {
      "text": "Запрещено нонРП, неадекватное, бредовое название дома/бизнеса || Устное предупреждение / Деморган 60-120 минут / Удаление названия",
      "exceptions": ""
    },
    "9.2": {
      "text": "Запрещена реклама бизнесов/семьи/промокодов, продажа имущества в названии дома/бизнеса || Удаление названия / Деморган 60-120 минут",
      "exceptions": ""
    },
    "9.3": {
      "text": "Запрещено использование маппинга в местах, для которых он не предназначен || Устное предупреждение (при отказе - удаление)",
      "exceptions": "Пример: использование заборов вместо крыши."
    },
    "9.4": {
      "text": "Запрещено намеренно создавать помеху маппингом в проходе другим игрокам || Устное предупреждение (при отказе - удаление)",
      "exceptions": ""
    },
    "9.5": {
      "text": "Запрещено ставить маппинг на дорогах, подъездах к дому || Устное предупреждение (при отказе - удаление)",
      "exceptions": ""
    },
    "9.6": {
      "text": "Запрещено использование маппинга в целях взобраться куда-либо || Устное предупреждение (при отказе - удаление)",
      "exceptions": "Пример: лестницы в небо из заборов."
    },
    "9.7": {
      "text": "Запрещено размещение более одного массивного маппинга (елки, здания) || Устное предупреждение (при отказе - удаление)",
      "exceptions": ""
    },
    "9.8": {
      "text": "Запрещено любое неестественное, некрасивое размещение маппинга || Устное предупреждение (при отказе - удаление/запрет)",
      "exceptions": "Пример: елка/грядки на крыше, сейф в воздухе."
    },
    "9.9": {
      "text": "Запрещено размещение объектов в популярных местах (ЦР, ЦБ, АБ и тд) || Устное предупреждение (при отказе - удаление/запрет)",
      "exceptions": ""
    },
    "9.10": {
      "text": "Запрещено неестественный вид тюнинга || Устное предупреждение (при отказе - удаление)",
      "exceptions": "Примечание: Тюнинг должен выглядеть естественно. Доска вместо бампера - нонРП. Удаление возможно даже если за рулем не владелец."
    },
    "9.11": {
      "text": "Запрещено использование тюнинга с целью навредить игрокам || Деморган 120-300 минут + запрет транспорта 3-7 дней",
      "exceptions": ""
    }
  },
  "Правила поведения вне сервера": {
    "10.1": {
      "text": "Правила данного раздела относятся исключительно к официальным ресурсам проекта (форум, группы ВК/ТГ, Discord, конференции ВК) || Бан от 1 до 2000 дней",
      "exceptions": "Наказания не выдаются если: прошло >30 дней с нарушения; нарушение вне официальных ресурсов (кроме 10.5)"
    },
    "10.2": {
      "text": "Запрещено неадекватное поведение || Устное предупреждение / Бан от 1 до 30 дней",
      "exceptions": ""
    },
    "10.3": {
      "text": "Запрещено оскорбление администрации и проекта || Устное предупреждение / Бан от 1 до 30 дней",
      "exceptions": ""
    },
    "10.4": {
      "text": "Запрещено упоминание/оскорбление родных || Бан от 1 до 30 дней",
      "exceptions": ""
    },
    "10.5": {
      "text": "Запрещено предлагать купить/продать игровые ценности или заниматься вредительством (рванка, DDoS, ракботы и т.п.) || Бан на 2000 дней",
      "exceptions": "Действует вне официальных ресурсов, включая личные сообщения"
    }
  },

  "Правила ограблений и похищений": {
    "11.1": {
      "text": "РП Похищение/Ограбление должно быть основательно подготовлено с применением системного функционала || Деморган до 600 минут / Бан до 29 дней",
      "exceptions": "Рекомендуется запись процесса для разрешения споров"
    },
    "11.2": {
      "text": "Запрещено похищать/грабить в ЗЗ/на спавнах || Деморган 300 минут",
      "exceptions": ""
    },
    "11.3": {
      "text": "Запрещено выжидать жертву в AFK/AFK без ESC || Деморган 60-300 минут / Варн",
      "exceptions": ""
    },
    "11.4": {
      "text": "Запрещено наносить увечья/убивать жертву || Деморган 120-300 минут",
      "exceptions": ""
    },
    "11.5": {
      "text": "Запрещено забирать аксессуары и игровые ценности || Бан на 29 дней",
      "exceptions": ""
    },
    "11.6": {
      "text": "Запрещено похищать в меньшинстве (<3 похитителей) || Деморган 60-120 минут",
      "exceptions": ""
    }
  },

  "Описание разрешенных и запрещенных игровых модификаций": {
    "12.1": {
      "text": "Разрешены модификации: интерфейсные улучшения, визуальные замены, оптимизация, анти-вредительские системы || Без санкций",
      "exceptions": "● HUD (HP/Armour/ChatID/FPS/CTime/Orgmembers)\n● Замены текстур/звуков/скинов (без коллизий)\n● Оптимизация (FPS unlock, удаление объектов)\n● CamHack/CamHunt\n● Анти-рванка/кикер/крашер\n● FastConnect/автореконнект\n● Изменение FOV/радара/анимаций (без скролла)\n● HeavyFist без скролла\n● Примечание: удаление объектов не должно давать преимуществ (столбы/заборы запрещены)"
    },
    "12.2": {
      "text": "Запрещены модификации: читы, автоматизация, вмешательство в геймплей || Бан от 1 до 2000 дней",
      "exceptions": "● Телепорты ● Fly/AirBreak ● GodMode/NoBike/невидимка ● WallHack ● Боты (RAK/DROID) ● Обход систем (езда без топлива/лицензий) ● Авто-стрельба (Aim/autoshot/Extra WS) ● SpeedHack ● Коллизии ● Редакторы (хендлинга/тюнинга) ● Накрутка патронов ● SprintHook ● FogDist=0"
    },
    "12.3": {
      "text": "Список запрещенных скриптов",
      "exceptions": "Wallhack, Aim, GodMode, Auto-shot, Airbrake, Invisible, RAK BOT, Cordmaster, SpeedHack, Auto-repair, CarSpawner, NoSpread, CarShot, Suicide, ExtraWS, Cleo DriveBy, HandlingEditor, MTProject, Nitro, AntiHunger, RampagaHack, BulletTracer, SprintHook, FogDist=0 (полный список в п.12.2)"
    },
    "12.4": {
      "text": "Примечание к разрешенным модификациям || Бан от 1 до 2000 дней",
      "exceptions": "Разрешенные моды с запрещенными функциями (напр. AntiAFK с GM, CamHack с WH) приравниваются к читерству. Проверяйте источники скриптов."
    }
  }
}